{
	"start_row": 2,
	"start_col": 0,
	"data": {

		"type": {"literal": "ftb"},
		"lastUpdatedBy": {"literal": "csv-import"},
		"used_for": {"literal": "worksheet"},

		"num_answers": {"literal": 1},
		"max_score": {"literal": 1},
		"partial_scoring": {"literal": false},

		"identifier":{"col-def":{"column" : 0}},
		"code": {"col-def": {"column" : 1}},
		"conceptIds": {"col-def": {"column" : 2, "type": "list"}},
		"title": {"col-def": {"column" : 3}},
		"description": {"col-def": {"column" : 4}},
		"question": {"col-def": {"column" : 5}},

		"question_image": {"col-def": {"column" : 6}},
	    "question_audio": {"col-def": {"column" : 7}},
    	"question_count": {"col-def": {"column" : 8, "type": "number"}},

    	"domain": {"col-def": {"column" : 9}},
    	"language": {"col-def": {"column" : 10}},

		"gradeLevel": {"col-def": {"column" : 11}},
		"qlevel": {"col-def": {"column" : 12}},
		"keywords": {"col-def": {"column" : 13, "type": "list"}},

		"media": [
			{
	        	"id": {"col-def": {"column" : 6, "type": "string"}},
	        	"type": {"literal": "image"},
	        	"asset_id": {"col-def": {"column" : 6, "type": "string"}}
	    	},
	    	{
	        	"id": {"col-def": {"column" : 7, "type": "string"}},
	        	"type": {"literal": "audio"},
	        	"asset_id": {"col-def": {"column" : 7, "type": "string"}}
	    	}
	    ],

		"answers": {"col-def": {"column" : 14, "type": "list"}},

		"template": {"col-def": {"column" : 15}},
    	"template_id": {"col-def": {"column" : 16}},

		"model": {
			"param1": {"col-def": {"column" : 17, "type": "string"}},
			"param2": {"col-def": {"column" : 18, "type": "string"}}
		},
		"start":19
	}
}
