{
	"start_row": 2,
	"start_col": 0,
	"data": {

		"type": {"literal": "mtf"},
		"lastUpdatedBy": {"literal": "csv-import"},
		"used_for": {"literal": "worksheet"},

		"num_answers": {"literal": 1},
		"max_score": {"literal": 1},
		"partial_scoring": {"literal": false},

		"identifier":{"col-def":{"column" : 0}},
		"code": {"col-def": {"column" : 1}},
		"conceptIds": {"col-def": {"column" : 2, "type": "list"}},
		"title": {"col-def": {"column" : 3}},
		"description": {"col-def": {"column": 4}},
		"question": {"col-def": {"column" : 5}},

		"question_image": {"col-def": {"column" : 6}},
	    "question_audio": {"col-def": {"column" : 7}},
    	"image_count": {"col-def": {"column" : 8, "type": "number"}},

    	"domain": {"col-def": {"column" : 9}},
    	"language": {"col-def": {"column" : 10}},

		"gradeLevel": {"col-def": {"column" : 11}},
		"qlevel": {"col-def": {"column" : 12}},
		"keywords": {"col-def": {"column" : 13, "type": "list"}},

		"template": {"col-def": {"column" : 14}},
    	"template_id": {"col-def": {"column" : 15}},

		"model": {
			"param1": {"col-def": {"column" : 16, "type": "string"}},
			"param2": {"col-def": {"column" : 17, "type": "string"}}
		},
		"lhs_options": [
			{
				"value" : {
					"type": {"literal": "mixed"},
					"text":  {"col-def": {"column" : 19, "type": "string"}},
					"image":  {"col-def": {"column" : 20, "type": "string"}},
					"resValue": {"col-def": {"column" : 21  , "type": "string"}}
				},
				"index":{"col-def": {"column" : 18}}
			},
			{
				"value" : {
					"type": {"literal": "mixed"},
					"text":  {"col-def": {"column" : 23, "type": "string"}},
					"image":  {"col-def": {"column" : 24, "type": "string"}},
					"resValue": {"col-def": {"column" :25, "type": "string"}}
				},
				"index":{"col-def": {"column" : 22}}
			},
			{
				"value" : {
					"type": {"literal": "mixed"},
					"text":  {"col-def": {"column" : 27, "type": "string"}},
					"image":  {"col-def": {"column" : 28, "type": "string"}},
					"resValue": {"col-def": {"column" : 29, "type": "string"}}
				},
				"index":{"col-def": {"column" : 26}}
			},
			{
				"value" : {
					"type": {"literal": "mixed"},
					"text":  {"col-def": {"column" : 31, "type": "string"}},
					"image":  {"col-def": {"column" : 32, "type": "string"}},
					"resValue": {"col-def": {"column" : 33, "type": "string"}}
				},
				"index":{"col-def": {"column" : 30}}
			}
		],

		"rhs_options": [
			{
				"value" : {
					"type": {"literal": "mixed"},
					"text":  {"col-def": {"column" : 34, "type": "string"}},
					"image":  {"col-def": {"column" : 35, "type": "string"}},
					"resValue": {"col-def": {"column" :36  , "type": "string"}}
				},
				"answer": {"col-def": {"column" : 37, "type": "number"}}
			},
			{
				"value" : {
					"type": {"literal": "mixed"},
					"text":  {"col-def": {"column" : 38, "type": "string"}},
					"image":  {"col-def": {"column" : 39, "type": "string"}},
					"resValue": {"col-def": {"column" : 40 , "type": "string"}}
				},
				"answer": {"col-def": {"column" : 41, "type": "number"}}
			},
			{
				"value" : {
					"type": {"literal": "mixed"},
					"text":  {"col-def": {"column" : 42, "type": "string"}},
					"image":  {"col-def": {"column" : 43, "type": "string"}},
					"resValue": {"col-def": {"column" : 44, "type": "string"}}
				},
				"answer": {"col-def": {"column" : 45, "type": "number"}}
			},
			{
				"value" : {
					"type": {"literal": "mixed"},
					"text":  {"col-def": {"column" : 46, "type": "string"}},
					"image":  {"col-def": {"column" : 47, "type": "string"}},
					"resValue": {"col-def": {"column" : 48, "type": "string"}}
				},
				"answer": {"col-def": {"column" : 49, "type": "number"}}
			}
		],
		"start":50
	}
}
	